Date,Open,High,Low,Close,Volume
2009-02-02,19.87,20.11,19.51,19.8,590800
2009-02-03,19.8,20.3,19.52,19.92,349900
2009-02-04,20.39,20.8,19.85,20.02,806000
2009-02-05,20.0,20.69,19.86,20.45,378900
2009-02-06,20.4,21.5,20.4,21.4,964600
2009-02-09,21.0,21.07,20.75,20.95,399800
2009-02-10,20.94,21.17,20.55,21.0,612200
2009-02-11,20.99,20.99,20.6,20.76,391100
2009-02-12,20.55,21.35,20.55,21.06,838600
2009-02-13,21.2,21.36,20.92,21.3,558800
2009-02-16,21.19,21.19,20.78,21.09,2725800
2009-02-17,20.61,21.06,20.61,21.0,533800
2009-02-18,21.0,21.5,20.95,21.0,582500
2009-02-19,21.35,21.78,21.11,21.22,587300
2009-02-20,20.94,21.16,20.55,21.0,639100
2009-02-25,20.5,22.0,20.5,21.25,793200
2009-02-26,21.8,21.8,21.15,21.35,1123100
2009-02-27,21.06,21.96,21.06,21.7,929700
2009-03-02,20.86,21.69,20.82,21.0,1706700
2009-03-03,21.55,21.55,20.6,20.8,1346800
2009-03-04,21.01,21.2,20.8,20.8,844200
2009-03-05,20.79,21.02,20.15,20.15,809700
2009-03-06,20.3,20.85,20.02,20.15,872000
2009-03-09,20.0,20.17,19.82,19.85,421500
2009-03-10,20.11,21.01,19.97,20.85,998300
2009-03-11,21.19,21.19,20.77,20.77,461200
2009-03-12,20.99,21.5,20.72,21.37,3054100
2009-03-13,21.41,21.8,21.11,21.11,429600
2009-03-16,21.6,21.6,20.35,20.4,802200
2009-03-17,20.26,21.75,20.26,21.7,997500
2009-03-18,21.49,21.9,21.33,21.47,441100
2009-03-19,21.79,21.99,21.59,21.8,674800
2009-03-20,21.78,21.9,21.35,21.5,440700
2009-03-23,21.71,22.98,21.71,22.58,559700
2009-03-24,22.2,22.8,22.0,22.2,586700
2009-03-25,22.3,23.39,22.01,22.5,1171200
2009-03-26,22.83,22.96,22.23,22.45,685400
2009-03-27,22.3,22.5,22.06,22.47,570500
2009-03-30,22.52,22.99,22.28,22.28,825600
2009-03-31,22.35,22.98,22.35,22.65,682900
2009-04-01,22.12,22.99,22.12,22.8,403900
2009-04-02,22.88,23.6,22.52,22.55,1218700
2009-04-03,22.7,22.88,22.01,22.25,1174400
2009-04-06,22.2,22.22,21.53,22.0,1536900
2009-04-07,22.0,22.3,21.71,22.15,766600
2009-04-08,22.2,23.18,22.2,22.9,779100
2009-04-09,23.2,23.39,22.54,22.89,801500
2009-04-13,22.46,22.96,22.05,22.76,1023900
2009-04-14,22.54,23.09,22.16,22.49,2266000
2009-04-15,22.39,22.7,22.18,22.7,563500
2009-04-16,22.76,23.39,22.58,23.0,919800
2009-04-17,22.83,23.8,22.6,23.5,1037000
2009-04-20,23.2,23.5,23.0,23.3,619500
2009-04-22,23.28,24.3,23.28,24.12,741100
2009-04-23,25.0,25.0,24.27,24.75,646200
2009-04-24,24.5,25.54,24.41,25.2,1595200
2009-04-27,24.9,25.27,24.65,24.76,591600
2009-04-28,24.51,26.15,24.31,25.75,1428700
2009-04-29,25.93,27.48,25.93,26.97,1449000
2009-04-30,27.1,28.26,26.0,26.0,2046600
2009-05-04,26.84,27.78,26.84,27.26,1256400
2009-05-05,27.16,27.66,26.97,27.24,778800
2009-05-06,27.68,27.7,26.72,26.97,1327000
2009-05-07,27.39,27.39,26.3,26.3,751100
2009-05-08,26.99,27.79,26.76,27.54,739300
2009-05-11,27.4,28.28,27.07,27.75,657500
2009-05-12,27.8,28.18,26.84,27.0,622400
2009-05-13,26.85,27.0,26.33,26.7,549200
2009-05-14,26.6,27.42,26.4,27.35,701800
2009-05-15,27.2,27.98,27.2,27.7,587300
2009-05-18,27.71,29.0,27.71,28.86,567200
2009-05-19,29.01,29.69,28.01,28.2,530500
2009-05-20,28.8,29.4,27.84,27.9,1194400
2009-05-21,27.61,27.65,26.7,26.9,714500
2009-05-22,27.29,27.47,26.88,27.0,580800
2009-05-25,27.0,27.55,27.0,27.15,249300
2009-05-26,27.5,27.7,26.7,27.51,829900
2009-05-27,27.84,28.3,27.11,27.2,779900
2009-05-28,27.9,27.9,27.08,27.2,682700
2009-05-29,26.05,26.68,24.95,25.9,4102400
2009-06-01,26.07,26.34,25.6,26.34,1410000
2009-06-02,26.3,26.7,25.61,25.95,839200
2009-06-03,25.97,26.5,25.0,25.53,1241100
2009-06-04,25.62,26.25,25.31,26.09,448700
2009-06-05,26.39,26.47,25.5,25.51,503900
2009-06-08,25.51,26.3,25.32,26.3,550100
2009-06-09,26.34,26.58,25.64,25.8,446600
2009-06-10,26.08,26.45,25.54,25.85,469100
2009-06-12,26.29,26.39,25.79,26.0,999100
2009-06-15,25.89,26.3,25.62,26.3,1068600
2009-06-16,26.26,26.6,26.01,26.23,1098500
2009-06-17,26.03,26.35,25.93,26.1,1115600
2009-06-18,26.08,26.21,25.65,25.94,543800
2009-06-19,26.18,26.22,25.23,25.6,899500
2009-06-22,25.55,25.69,24.8,25.07,889100
2009-06-23,25.15,25.29,24.68,24.75,790600
2009-06-24,25.1,25.58,24.94,24.94,758800
2009-06-25,24.85,25.94,24.55,25.9,795400
2009-06-26,25.9,26.47,25.58,26.29,598600
2009-06-29,26.28,26.6,26.05,26.28,548000
2009-06-30,26.46,26.59,25.53,25.86,700600
2009-07-01,25.9,26.49,25.8,25.8,601400
2009-07-02,25.73,25.95,25.27,25.72,371400
2009-07-03,25.72,26.0,25.4,25.4,241000
2009-07-06,25.35,25.84,25.1,25.67,799500
2009-07-07,25.35,26.12,25.35,25.9,1174100
2009-07-08,25.77,26.05,25.5,25.8,641200
2009-07-10,25.69,25.83,25.43,25.5,757900
2009-07-13,25.87,26.05,25.21,25.9,673200
2009-07-14,25.85,26.3,25.55,26.3,971500
2009-07-15,26.5,27.6,26.41,27.6,2025100
2009-07-16,27.52,28.6,27.04,27.88,1300100
2009-07-17,27.9,28.45,27.75,28.2,585600
2009-07-20,28.5,28.61,28.06,28.1,1085000
2009-07-21,28.34,28.49,27.91,28.09,1130200
2009-07-22,27.9,27.91,27.18,27.25,1867600
2009-07-23,27.41,27.84,27.13,27.6,1896600
2009-07-24,27.6,27.74,27.25,27.4,1104800
2009-07-27,27.01,27.16,26.8,26.84,1206100
2009-07-28,26.69,26.75,25.75,26.2,1467400
2009-07-29,26.1,26.48,25.8,26.48,1767500
2009-07-30,26.51,27.49,26.33,26.85,3096100
2009-07-31,26.75,26.83,26.5,26.65,6800800
2009-08-03,26.64,27.6,26.6,27.21,4186000
2009-08-04,27.1,28.0,26.9,27.99,3094400
2009-08-05,28.0,28.1,27.66,28.0,1255000
2009-08-06,27.9,28.09,27.01,27.65,834100
2009-08-07,27.55,28.13,27.49,27.9,903700
2009-08-10,27.88,28.49,27.55,28.49,737000
2009-08-11,28.42,28.97,28.14,28.7,1212300
2009-08-12,28.7,29.17,28.4,28.99,1201900
2009-08-13,28.7,29.4,28.69,29.3,1153900
2009-08-14,29.1,29.89,29.0,29.35,1047300
2009-08-17,28.93,30.0,28.08,29.75,1743600
2009-08-18,29.75,30.0,29.12,29.2,1193500
2009-08-19,28.96,29.5,28.86,29.36,962000
2009-08-20,29.32,29.65,29.1,29.43,563400
2009-08-21,29.49,29.97,29.32,29.61,699600
2009-08-24,29.6,30.44,29.6,30.2,760400
2009-08-25,30.39,30.47,29.4,29.9,639300
2009-08-26,29.85,29.9,29.35,29.7,586600
2009-08-27,29.46,29.63,29.07,29.6,661800
2009-08-28,29.75,30.34,29.75,30.3,596400
2009-08-31,29.7,30.49,29.65,30.49,1124900
2009-09-01,30.4,30.79,30.0,30.4,823500
2009-09-02,30.4,30.59,30.08,30.25,1083600
2009-09-03,30.14,30.35,29.78,30.25,909900
2009-09-04,30.29,31.3,30.0,30.26,751100
2009-09-08,30.61,30.95,30.26,30.95,732500
2009-09-09,30.77,30.97,30.58,30.9,609900
2009-09-10,30.76,31.37,30.5,31.37,846300
2009-09-11,31.35,31.35,30.65,30.75,524800
2009-09-14,30.61,31.28,30.24,31.2,508700
2009-09-15,31.28,31.41,30.97,31.22,460100
2009-09-16,31.35,31.4,30.85,31.0,1084100
2009-09-17,30.9,31.35,30.72,31.1,2253500
2009-09-18,31.0,31.28,30.91,31.28,448100
2009-09-21,31.0,31.28,30.88,31.2,475600
2009-09-22,31.17,31.37,30.95,31.25,703700
2009-09-23,31.07,31.22,30.98,31.05,594800
2009-09-24,31.33,31.41,31.03,31.2,758100
2009-09-25,31.09,31.44,31.09,31.35,632700
2009-09-28,31.44,31.49,31.12,31.49,816200
2009-09-29,31.41,31.64,31.23,31.42,531000
2009-09-30,31.47,31.97,31.47,31.95,576200
2009-10-01,31.7,32.25,31.51,32.0,818900
2009-10-02,31.99,32.73,31.25,32.32,631400
2009-10-05,32.05,32.9,32.05,32.76,520400
2009-10-06,32.93,33.34,32.9,32.9,854900
2009-10-07,32.8,33.2,32.25,32.75,623300
2009-10-08,32.6,33.0,32.38,32.8,828200
2009-10-09,32.75,33.11,32.51,32.75,1993300
2009-10-13,33.0,33.35,32.91,33.06,1161900
2009-10-14,33.21,34.11,33.03,33.8,666200
2009-10-15,33.8,34.02,32.88,34.02,670000
2009-10-16,33.35,33.99,33.01,33.89,671800
2009-10-19,33.9,33.91,33.35,33.63,314000
2009-10-20,33.1,33.35,32.06,33.25,1362800
2009-10-21,32.97,34.04,32.85,33.39,1125600
2009-10-22,33.2,33.99,32.43,32.5,2282700
2009-10-23,32.9,33.0,31.44,31.8,1157400
2009-10-26,31.7,32.4,31.35,32.01,915800
2009-10-27,32.2,32.29,31.41,31.65,818000
2009-10-28,31.68,31.7,30.95,31.29,1468000
2009-10-29,31.29,32.19,30.85,31.66,1406300
2009-10-30,31.67,32.1,31.43,31.55,1833900
2009-11-03,31.0,32.13,30.59,31.52,1201300
2009-11-04,32.0,32.79,31.66,32.4,605300
2009-11-05,32.45,32.89,32.4,32.8,476300
2009-11-06,32.56,33.27,32.12,33.0,556700
2009-11-09,33.17,33.9,33.15,33.3,460000
2009-11-10,33.4,33.69,32.83,33.0,758700
2009-11-11,33.19,33.74,32.61,32.9,1371600
2009-11-12,32.8,33.19,31.64,31.85,2715500
2009-11-13,31.87,32.49,31.55,31.89,1204100
2009-11-16,32.01,33.33,32.01,33.3,857500
2009-11-17,33.09,33.5,32.64,33.5,1284200
2009-11-18,33.5,33.64,32.98,33.18,999400
2009-11-19,32.85,33.5,32.82,33.45,592700
2009-11-23,33.95,34.54,33.55,33.92,800900
2009-11-24,33.77,34.25,33.23,33.62,437500
2009-11-25,33.65,34.21,33.45,34.21,434600
2009-11-26,33.31,34.22,33.15,33.15,486200
2009-11-27,33.02,34.12,33.02,33.6,531400
2009-11-30,33.34,34.5,33.33,33.55,878100
2009-12-01,34.42,34.97,33.97,34.6,1718900
2009-12-02,34.83,35.72,34.63,35.4,698600
2009-12-03,35.68,36.55,35.06,35.4,1212100
2009-12-04,35.04,36.91,35.04,35.52,610200
2009-12-07,35.62,35.75,35.36,35.5,789900
2009-12-08,35.0,36.24,34.48,35.65,1223000
2009-12-09,35.9,36.0,35.52,35.75,452300
2009-12-10,35.99,36.0,35.6,35.7,528600
2009-12-11,35.9,36.44,35.9,36.2,592500
2009-12-14,36.43,36.91,35.97,36.65,632400
2009-12-15,36.39,38.42,36.1,38.0,633400
2009-12-16,38.2,38.77,37.81,38.05,961200
2009-12-17,37.5,38.0,36.17,36.4,769700
2009-12-18,36.5,36.97,36.1,36.5,511100
2009-12-21,36.89,37.93,36.31,36.31,923500
2009-12-22,37.25,38.4,36.83,36.99,1079900
2009-12-23,37.6,37.7,36.53,37.0,400700
2009-12-28,37.37,37.82,36.8,37.0,286300
2009-12-29,37.29,37.47,36.75,36.75,333400
2009-12-30,36.51,37.35,36.31,36.31,476800
2010-01-04,36.35,37.97,36.35,37.9,709200
2010-01-05,38.3,39.12,37.29,37.42,493900
2010-01-06,37.77,38.4,37.52,37.88,402700
2010-01-07,37.5,38.15,36.31,36.6,1261800
2010-01-08,36.75,36.81,35.18,36.0,1250400
2010-01-11,36.36,36.5,35.2,35.28,710300
2010-01-12,35.16,36.2,34.87,36.1,1138900
2010-01-13,36.18,36.4,35.61,35.61,906900
2010-01-14,35.61,36.2,35.22,35.5,983900
2010-01-15,35.39,35.47,34.71,35.16,729500
2010-01-18,35.5,35.52,35.0,35.1,346100
2010-01-19,34.62,36.08,34.03,36.05,848100
2010-01-20,35.2,35.88,34.61,35.4,952000
2010-01-21,35.41,35.6,34.25,35.0,581200
2010-01-22,34.56,35.49,34.36,35.3,593000
2010-01-26,35.01,35.01,33.4,33.4,1009500
2010-01-27,33.3,34.98,33.15,34.93,1100700
2010-01-28,35.07,35.45,34.09,34.5,654100
2010-01-29,34.6,34.98,33.71,33.94,566800
2010-02-01,34.12,35.0,33.85,34.13,548100
2010-02-02,34.46,34.95,34.39,34.75,429600
2010-02-03,34.89,35.8,34.6,35.25,562700
2010-02-04,34.84,34.89,33.02,34.0,930100
2010-02-05,33.5,35.81,31.79,33.1,964400
2010-02-08,33.49,33.5,32.15,33.5,847900
2010-02-09,33.6,34.6,33.03,33.35,940800
2010-02-10,33.52,33.62,33.02,33.18,415000
2010-02-11,33.38,33.9,32.56,33.9,507300
2010-02-12,33.5,33.8,32.56,33.0,609100
2010-02-17,33.89,35.06,33.88,34.65,954700
2010-02-18,34.21,34.58,33.86,34.33,554000
2010-02-19,34.24,34.42,33.91,34.42,392400
2010-02-22,34.45,35.09,34.4,34.75,454200
2010-02-23,34.48,34.9,33.9,34.36,818200
2010-02-24,34.7,35.29,33.99,34.4,413100
2010-02-25,34.0,34.0,33.43,33.8,493000
2010-02-26,34.0,34.1,32.95,33.3,367000
2010-03-01,33.89,34.49,33.8,34.41,625500
2010-03-02,33.68,34.49,33.68,34.04,462300
2010-03-03,34.39,35.18,33.86,34.69,965100
2010-03-04,34.97,35.26,34.45,34.9,503100
2010-03-05,35.16,35.3,34.5,34.88,408800
2010-03-08,35.2,35.27,34.08,34.2,565900
2010-03-09,33.68,34.29,33.55,34.0,858800
2010-03-10,34.3,34.99,34.25,34.25,539200
2010-03-11,34.39,34.91,34.25,34.4,363500
2010-03-12,35.0,35.03,34.01,34.01,396100
2010-03-15,33.8,34.6,33.7,34.44,423000
2010-03-16,34.21,34.84,34.15,34.7,399500
2010-03-17,34.7,35.53,34.58,35.26,612100
2010-03-18,35.33,35.57,34.65,35.0,597900
2010-03-19,35.0,35.5,34.85,35.17,444800
2010-03-22,35.29,36.17,34.79,35.35,781200
2010-03-23,35.75,36.01,35.14,35.36,612900
2010-03-24,35.2,35.88,34.61,35.15,567000
2010-03-25,35.17,35.62,34.93,35.32,406500
2010-03-26,35.32,36.36,35.29,35.92,724700
2010-03-29,36.25,36.5,36.05,36.11,773100
2010-03-30,36.36,36.5,35.56,35.93,683100
2010-03-31,36.08,36.45,35.9,36.1,1004200
2010-04-01,36.1,36.76,35.28,35.38,1204100
2010-04-05,35.7,36.17,35.44,36.04,683500
2010-04-06,35.55,36.95,35.52,36.3,937200
2010-04-07,36.28,36.89,36.09,36.78,790700
2010-04-08,36.7,36.88,35.87,36.1,923200
2010-04-09,36.11,36.29,35.12,35.5,919200
2010-04-12,35.52,35.71,35.22,35.4,450600
2010-04-13,35.74,35.96,34.69,35.66,648500
2010-04-14,35.79,36.15,35.19,35.19,639900
2010-04-15,35.25,36.13,35.22,35.8,715000
2010-04-16,35.69,36.09,35.08,35.1,680300
2010-04-19,34.9,35.3,34.34,35.08,474500
2010-04-20,35.09,35.79,34.9,35.48,810500
2010-04-22,34.96,36.35,34.92,36.35,789400
2010-04-23,36.15,37.13,35.91,37.13,839700
2010-04-26,37.01,37.25,35.8,35.8,1666700
2010-04-27,35.84,35.9,35.02,35.35,879800
2010-04-28,35.7,36.18,35.36,36.03,806500
2010-04-29,36.04,37.54,36.04,37.01,1007000
2010-04-30,36.82,37.4,36.7,36.9,1023500
2010-05-03,37.98,37.99,36.88,37.2,838600
2010-05-04,36.56,37.27,36.45,36.72,909400
2010-05-05,36.5,37.11,36.4,36.5,638800
2010-05-06,36.44,36.95,35.48,36.6,1308300
2010-05-07,36.5,37.78,36.08,37.0,1553800
2010-05-10,37.78,38.5,37.0,37.06,624500
2010-05-11,37.0,37.39,37.0,37.1,808900
2010-05-12,37.13,37.74,36.95,37.0,743600
2010-05-13,37.11,37.95,37.1,37.81,770500
2010-05-14,37.26,38.11,37.16,38.0,590700
2010-05-17,37.58,39.46,37.58,39.23,1311100
2010-05-18,39.44,39.6,38.3,38.45,1139900
2010-05-19,38.45,39.06,38.0,38.0,860500
2010-05-20,37.79,38.27,37.0,37.5,975800
2010-05-21,37.7,38.2,37.08,37.08,983300
2010-05-24,36.98,36.98,36.51,36.7,670100
2010-05-25,36.58,37.32,36.27,36.81,577800
2010-05-26,37.34,37.34,36.11,36.83,1054900
2010-05-27,36.8,37.41,36.54,36.9,903000
2010-05-28,36.95,37.8,36.72,37.7,1043500
2010-05-31,37.74,38.06,37.4,37.9,270800
2010-06-01,37.5,37.94,36.75,36.75,499700
2010-06-02,36.45,36.75,36.12,36.45,424200
2010-06-04,36.26,37.13,35.85,36.16,1018600
2010-06-07,36.15,38.22,36.15,37.23,1215700
2010-06-08,37.5,38.33,37.32,37.67,564800
2010-06-09,38.14,38.2,36.75,36.75,884200
2010-06-10,37.29,37.37,36.96,37.25,948100
2010-06-11,37.3,37.85,37.16,37.4,751500
2010-06-14,37.39,37.78,37.0,37.28,579500
2010-06-15,37.4,37.99,37.07,37.45,510600
2010-06-16,37.33,39.41,37.31,39.1,1973300
2010-06-17,39.06,40.24,38.88,39.95,2177200
2010-06-18,39.97,40.5,39.82,40.0,846800
2010-06-21,40.3,41.05,39.98,40.9,1849400
2010-06-22,40.89,42.88,40.89,41.03,2126200
2010-06-23,41.3,41.64,40.15,41.0,1049300
2010-06-24,40.2,40.84,40.2,40.34,764400
2010-06-25,40.52,41.0,39.9,40.47,454200
2010-06-28,40.5,41.19,40.5,40.98,554700
2010-06-29,40.6,40.9,39.89,40.01,1019000
2010-06-30,40.39,40.65,39.82,40.0,1006900
2010-07-01,39.97,40.19,39.11,39.65,747700
2010-07-02,39.86,40.43,39.31,40.2,298400
2010-07-05,40.35,40.46,39.5,39.5,256800
2010-07-06,39.8,40.48,39.7,40.25,475900
2010-07-07,40.34,40.53,39.65,39.91,971600
2010-07-08,40.0,40.13,38.88,39.3,982200
2010-07-12,39.45,39.89,39.02,39.05,399500
2010-07-13,39.41,40.2,39.18,40.2,1022100
2010-07-14,40.0,42.1,39.84,42.1,1070800
2010-07-15,42.09,42.2,41.06,41.3,1523300
2010-07-16,41.21,41.58,40.71,40.71,811400
2010-07-19,41.0,41.01,40.42,41.0,818300
2010-07-20,41.21,41.89,40.81,41.08,994100
2010-07-21,41.4,41.51,39.81,39.99,1672700
2010-07-22,40.89,41.27,40.1,40.2,2707800
2010-07-23,40.1,41.58,40.1,41.05,1305200
2010-07-26,41.1,41.65,40.72,41.45,340000
2010-07-27,41.6,42.85,41.41,42.85,1068800
2010-07-28,42.38,42.7,41.52,42.7,1048600
2010-07-29,42.7,44.73,42.5,44.57,1312700
2010-07-30,43.9,46.5,43.9,45.7,1007200
2010-08-02,44.92,45.6,44.04,44.5,1321200
2010-08-03,44.13,44.59,43.23,44.55,993200
2010-08-04,44.55,45.9,43.85,45.37,914000
2010-08-05,45.6,46.58,45.1,45.61,957600
2010-08-06,45.51,46.51,45.28,45.61,962800
2010-08-09,45.81,46.01,44.2,44.25,589100
2010-08-10,44.0,44.09,42.53,42.6,1476000
2010-08-11,42.64,43.25,41.66,43.15,1614000
2010-08-12,43.29,43.38,41.84,42.37,1521600
2010-08-13,42.19,42.42,41.0,41.69,1372000
2010-08-16,42.12,42.64,41.31,42.58,674100
2010-08-17,42.63,43.55,42.63,42.93,972400
2010-08-18,43.34,43.54,42.5,43.39,1046100
2010-08-19,43.55,45.28,43.39,44.21,1063900
2010-08-20,44.1,44.9,44.0,44.2,285600
2010-08-23,44.5,44.6,43.72,44.0,653400
2010-08-24,43.5,44.4,42.8,43.17,759000
2010-08-25,43.0,43.39,41.76,42.15,1026700
2010-08-26,42.31,42.98,41.65,42.05,748000
2010-08-27,42.05,42.57,41.66,42.3,699200
2010-08-30,42.39,43.08,41.92,42.59,627200
2010-08-31,42.68,43.29,42.3,42.3,720800
2010-09-01,42.71,43.0,42.16,43.0,732000
2010-09-02,43.0,43.25,42.55,43.18,222500
2010-09-03,43.25,44.33,43.25,43.3,513300
2010-09-06,43.7,43.7,42.76,42.9,153400
2010-09-08,43.28,43.68,42.45,42.5,360200
2010-09-09,42.78,43.05,42.45,42.52,242600
2010-09-10,42.5,44.0,42.5,43.89,555600
2010-09-13,43.98,44.97,43.85,44.6,784200
2010-09-14,44.9,44.96,43.53,44.79,969500
2010-09-15,44.68,46.3,44.67,45.8,602100
2010-09-16,46.08,46.49,45.35,45.9,620900
2010-09-17,45.6,46.29,45.46,45.7,462600
2010-09-20,45.79,47.17,45.05,46.55,480300
2010-09-21,45.91,46.44,45.66,46.1,491600
2010-09-22,45.99,46.69,45.38,45.7,637600
2010-09-23,45.4,46.69,45.33,45.41,975200
2010-09-24,45.76,46.3,45.55,45.9,839000
2010-09-27,45.72,46.4,45.71,46.2,384600
2010-09-28,46.76,46.89,46.05,46.11,691200
2010-09-29,46.33,46.88,45.61,46.74,793300
2010-09-30,46.7,46.8,45.4,45.5,870400
2010-10-01,45.89,47.42,45.66,46.5,983400
2010-10-04,46.72,47.18,46.41,46.9,499000
2010-10-05,47.15,48.47,47.0,48.24,1122800
2010-10-06,48.39,48.5,47.64,47.78,1146400
2010-10-07,48.0,48.44,47.28,48.0,639400
2010-10-08,48.2,48.31,47.28,48.0,807200
2010-10-11,48.1,48.87,47.4,48.68,317700
2010-10-13,48.87,49.44,48.2,48.65,2067000
2010-10-14,48.71,48.81,47.33,48.0,751100
2010-10-15,48.15,48.23,46.87,47.5,1144000
2010-10-18,47.5,47.7,47.19,47.4,989700
2010-10-19,47.03,47.8,46.78,47.5,846500
2010-10-20,47.75,48.08,47.24,47.5,860200
2010-10-21,47.8,49.12,47.57,49.1,1034000
2010-10-22,48.89,48.89,46.96,47.15,1826200
2010-10-25,47.64,47.64,46.27,47.0,1254200
2010-10-26,46.99,48.0,46.89,48.0,1062400
2010-10-27,48.0,48.26,46.66,46.76,783700
2010-10-28,47.11,47.4,46.8,47.1,490400
2010-10-29,47.4,48.76,47.2,48.7,1628000
2010-11-01,48.72,49.45,48.7,48.7,446200
2010-11-03,49.29,49.29,48.14,48.45,510800
2010-11-04,48.95,49.22,48.45,49.2,809000
2010-11-05,48.91,49.05,48.32,48.65,546600
2010-11-08,48.78,48.88,47.95,48.08,711500
2010-11-09,48.3,48.75,47.79,48.6,712000
2010-11-10,48.3,48.79,47.57,47.75,974100
2010-11-11,47.84,47.99,46.15,46.15,984800
2010-11-12,45.83,46.1,45.16,45.9,880200
2010-11-16,46.2,46.22,44.07,44.95,987900
2010-11-17,45.5,46.86,45.1,46.5,779800
2010-11-18,46.8,46.98,45.65,46.12,923300
2010-11-19,46.34,47.21,45.35,46.8,811500
2010-11-22,46.8,46.8,45.71,45.99,494400
2010-11-23,45.67,46.3,44.76,45.5,887300
2010-11-24,45.35,46.65,45.0,46.4,1218300
2010-11-25,46.55,46.55,45.61,46.0,263100
2010-11-26,45.5,46.75,45.37,46.25,520400
2010-11-29,46.03,47.05,46.02,46.8,1231800
2010-11-30,46.7,48.27,46.08,46.08,1960600
2010-12-01,47.0,47.9,46.25,47.8,842700
2010-12-02,47.82,48.39,47.42,48.1,958400
2010-12-03,47.99,48.65,47.26,48.3,700200
2010-12-06,48.19,48.79,48.0,48.79,599100
2010-12-07,48.77,48.81,47.81,47.99,732100
2010-12-08,47.95,47.95,46.14,46.8,898900
2010-12-09,46.5,47.29,45.5,45.5,789300
2010-12-10,45.9,46.3,45.0,45.5,690500
2010-12-13,45.8,46.33,45.54,45.96,385000
2010-12-14,46.0,46.89,45.94,46.2,479000
2010-12-15,46.21,46.77,45.0,45.0,934700
2010-12-16,45.06,46.79,44.52,46.5,1606000
2010-12-17,46.5,46.9,45.74,46.9,655900
2010-12-20,46.79,47.57,46.58,47.5,693900
2010-12-21,47.46,47.89,47.29,47.6,797600
2010-12-22,47.11,48.0,47.0,47.57,1209500
2010-12-23,47.55,47.78,46.95,46.95,399800
2010-12-27,46.6,47.0,45.63,45.63,430900
2010-12-28,45.91,46.74,45.62,46.55,262100
2010-12-29,46.27,48.0,46.27,47.53,420400
2010-12-30,47.9,48.18,47.21,47.69,615800
2011-01-03,48.5,49.4,48.31,49.4,827400
2011-01-04,49.55,49.97,49.04,49.9,1121300
2011-01-05,49.74,50.27,49.16,49.3,891700
2011-01-06,49.19,49.19,47.25,47.33,1314800
2011-01-07,47.3,47.75,46.92,47.0,968100
2011-01-10,47.09,47.39,46.42,46.7,636800
2011-01-11,47.0,47.05,46.1,46.35,826200
2011-01-12,46.88,46.88,45.77,46.0,1329400
2011-01-13,46.19,46.63,45.85,45.85,577500
2011-01-14,46.13,46.13,45.72,45.8,453700
2011-01-17,45.8,46.59,45.73,46.44,452100
2011-01-18,46.56,46.84,45.63,45.7,957000
2011-01-19,45.76,45.84,44.8,45.15,813100
2011-01-20,44.86,45.15,44.03,44.11,847300
2011-01-21,44.31,44.39,43.5,43.6,999700
2011-01-24,43.81,45.0,43.16,45.0,669200
2011-01-26,44.71,45.4,44.08,45.05,851200
2011-01-27,45.29,45.29,43.65,43.95,1528900
2011-01-28,43.91,44.0,43.16,43.55,958300
2011-01-31,43.55,43.81,42.16,42.7,1679600
2011-02-01,42.69,43.8,42.69,43.4,924800
2011-02-02,43.25,43.25,41.66,41.9,1760800
2011-02-03,42.14,42.14,40.2,41.0,1157900
2011-02-04,41.0,41.7,40.0,40.6,1727400
2011-02-07,40.63,41.0,39.68,40.8,1352200
2011-02-08,40.7,42.36,40.5,41.85,1265600
2011-02-09,41.85,42.5,40.75,41.0,1589100
2011-02-10,41.0,41.8,40.75,40.98,1136300
2011-02-11,41.02,42.47,41.02,42.35,977100
2011-02-14,42.0,42.7,41.73,41.86,562900
2011-02-15,41.9,42.87,41.74,42.72,1038300
2011-02-16,42.86,44.23,42.1,43.9,1281100
2011-02-17,44.25,44.43,43.31,43.63,848000
2011-02-18,43.7,44.03,43.35,43.7,622500
2011-02-21,43.5,43.73,43.25,43.29,219600
2011-02-22,43.16,43.86,42.71,43.4,817700
2011-02-23,43.41,44.47,42.96,43.9,1702800
2011-02-24,43.79,43.79,42.5,42.88,2302800
2011-02-25,43.16,43.2,42.02,43.0,970900
2011-02-28,43.38,43.65,42.13,42.21,1392900
2011-03-01,42.59,43.18,42.21,42.28,1939300
2011-03-02,41.42,42.15,41.32,41.94,1016300
2011-03-03,41.9,42.49,41.85,42.45,1553400
2011-03-04,42.5,42.94,41.96,42.94,700500
2011-03-09,42.94,44.2,42.9,43.55,945900
2011-03-10,43.5,44.87,43.21,44.19,871900
2011-03-11,44.3,45.85,44.2,45.2,888100
2011-03-14,45.2,46.49,44.86,45.92,859200
2011-03-15,44.85,46.0,44.39,46.0,977100
2011-03-16,45.94,46.46,45.6,46.0,1919500
2011-03-17,46.15,46.5,45.41,45.59,1312000
2011-03-18,45.62,46.77,45.62,45.99,1445400
2011-03-21,46.44,46.44,45.3,45.3,1099000
2011-03-22,45.57,46.17,45.5,45.65,1364300
2011-03-23,45.83,45.94,45.55,45.7,384200
2011-03-24,45.75,46.22,45.28,46.18,589100
2011-03-25,46.0,46.57,44.78,45.39,606700
2011-03-28,45.48,45.48,44.26,44.35,793900
2011-03-29,44.55,45.94,44.44,45.7,1132600
2011-03-30,45.88,46.76,45.69,46.2,770000
2011-03-31,46.21,46.25,45.7,46.0,697600
2011-04-01,46.01,46.75,46.0,46.65,667700
2011-04-04,46.77,47.7,46.4,47.4,1564300
2011-04-05,47.4,47.46,46.76,46.81,661700
2011-04-06,46.89,47.45,45.71,45.8,418600
2011-04-07,45.84,46.09,45.16,45.38,699000
2011-04-08,45.6,45.63,44.79,45.41,581600
2011-04-11,45.16,45.48,44.8,44.9,753500
2011-04-12,44.82,45.5,44.12,44.89,997900
2011-04-13,45.23,45.77,44.85,45.5,555500
2011-04-14,45.48,45.55,45.0,45.02,573500
2011-04-15,45.3,45.3,44.2,44.7,683400
2011-04-18,44.6,44.91,43.76,44.3,903100
2011-04-19,44.67,44.75,43.9,44.51,754600
2011-04-20,44.57,45.5,44.55,45.48,1195200
2011-04-25,45.48,47.19,45.48,46.5,1175700
2011-04-26,46.5,47.17,45.91,46.37,648000
2011-04-27,45.96,46.33,44.75,44.75,849300
2011-04-28,43.16,43.8,42.91,43.25,3314400
2011-04-29,43.3,44.7,43.29,44.3,1274900
2011-05-02,43.9,44.75,43.81,44.35,674000
2011-05-03,43.88,44.78,43.01,44.38,999900
2011-05-04,44.78,44.78,43.43,43.8,1148100
2011-05-05,43.79,43.79,42.91,43.3,866700
2011-05-06,43.7,43.7,42.72,43.21,987200
2011-05-09,43.47,43.56,42.88,43.3,601900
2011-05-10,43.41,43.41,42.17,42.27,832300
2011-05-11,42.28,42.28,41.39,42.0,1189000
2011-05-12,42.0,42.61,41.82,42.35,744600
2011-05-13,42.43,42.51,41.69,42.0,680400
2011-05-16,42.04,42.79,41.42,42.2,725500
2011-05-17,42.01,43.5,42.01,43.13,809800
2011-05-18,43.19,43.58,42.85,43.2,998500
2011-05-19,43.59,43.59,41.98,42.0,618400
2011-05-20,41.82,43.07,41.81,42.2,712100
2011-05-23,42.0,42.4,41.83,42.05,375300
2011-05-24,42.4,43.5,42.01,43.5,1324500
2011-05-25,43.58,43.58,42.8,43.0,613400
2011-05-26,43.19,43.19,41.75,41.8,1380600
2011-05-27,42.0,42.25,41.7,41.7,1095000
2011-05-30,41.84,42.25,41.55,41.55,438900
2011-05-31,41.72,42.47,41.72,42.3,931900
2011-06-01,42.3,42.43,41.35,41.35,997800
2011-06-02,41.31,42.0,41.21,41.7,648700
2011-06-03,41.5,41.75,41.1,41.4,853100
2011-06-06,41.7,41.88,40.58,41.15,683600
2011-06-07,41.19,41.41,40.79,41.0,414700
2011-06-08,40.98,40.98,40.45,40.5,1055500
2011-06-09,40.4,40.7,40.1,40.11,1300500
2011-06-10,40.23,40.28,39.65,39.65,1139800
2011-06-13,39.47,40.23,39.47,39.75,745300
2011-06-14,40.0,40.41,39.61,40.0,1082300
2011-06-15,39.53,39.96,39.42,39.45,1872000
2011-06-16,39.5,39.61,38.26,38.56,1613600
2011-06-17,38.71,38.88,38.22,38.4,2616300
2011-06-20,38.33,39.89,38.2,39.0,1457500
2011-06-21,39.2,40.34,39.2,40.09,1091400
2011-06-22,40.2,40.2,39.4,39.8,1045200
2011-06-24,39.8,39.8,38.49,38.68,1113600
2011-06-27,38.92,39.31,38.7,39.31,671200
2011-06-28,39.39,40.17,38.88,40.0,1044700
2011-06-29,40.0,40.5,39.34,39.7,773500
2011-06-30,40.25,40.25,38.81,39.0,1394300
2011-07-01,39.37,40.1,38.44,40.1,1247500
2011-07-04,40.11,41.1,39.99,41.1,577900
2011-07-05,41.4,41.7,39.46,39.6,1333700
2011-07-06,39.34,39.43,38.3,38.41,1324700
2011-07-07,38.8,38.88,37.06,37.1,1772500
2011-07-08,36.97,37.44,36.51,37.28,1897000
2011-07-11,36.79,37.48,36.6,37.21,935900
2011-07-12,37.1,38.0,37.1,37.81,1793800
2011-07-13,37.86,38.0,37.06,37.3,939900
2011-07-14,37.41,37.41,36.07,36.4,1478600
2011-07-15,36.4,36.72,36.0,36.12,873600
2011-07-18,35.85,36.44,35.49,36.06,1082600
2011-07-19,36.12,37.1,36.07,37.1,1749000
2011-07-20,37.1,37.56,36.61,36.61,852300
2011-07-21,35.4,36.04,35.06,35.06,4292200
2011-07-22,35.09,35.2,34.35,34.5,2649600
2011-07-25,34.47,34.7,34.2,34.29,1080600
2011-07-26,34.35,34.9,33.95,34.9,1088800
2011-07-27,34.05,34.38,33.63,34.2,1265300
2011-07-28,34.12,35.29,34.12,34.85,1080500
2011-07-29,34.85,35.84,34.48,35.25,1014800
2011-08-01,35.5,36.23,35.29,36.0,1043400
2011-08-02,36.0,36.28,34.71,34.71,1466000
2011-08-03,34.51,34.79,33.92,34.1,1542800
2011-08-04,33.5,33.85,32.63,33.5,2598600
2011-08-05,33.5,33.58,32.0,33.05,2942400
2011-08-08,31.7,32.76,31.61,32.16,1589000
2011-08-09,32.05,33.98,31.92,33.48,1694000
2011-08-10,32.45,34.31,32.45,34.0,1338700
2011-08-11,34.2,35.95,33.72,35.49,1417700
2011-08-12,35.4,36.18,34.63,35.88,1232800
2011-08-15,36.13,36.36,35.23,35.4,865200
2011-08-16,35.0,37.24,34.9,37.0,988800
2011-08-17,36.71,37.16,36.43,36.91,1029300
2011-08-18,35.43,36.19,35.27,35.73,1022600
2011-08-19,35.4,36.34,35.06,35.16,834000
2011-08-22,35.36,36.01,34.5,34.55,1002600
2011-08-23,34.52,37.36,34.52,37.08,1212100
2011-08-24,37.31,37.95,36.86,37.65,1362600
2011-08-25,37.23,38.24,37.22,38.2,2058700
2011-08-26,37.8,39.09,37.8,38.76,1655700
2011-08-29,39.3,39.3,37.26,37.26,1641700
2011-08-30,37.0,38.1,36.72,37.98,1595800
2011-08-31,38.21,38.64,37.71,38.12,1024500
2011-09-01,38.38,39.79,38.38,38.9,1834300
2011-09-02,38.7,38.7,37.05,37.2,1476500
2011-09-05,36.88,37.63,36.2,37.4,933700
2011-09-06,36.76,38.4,36.5,38.06,1054200
2011-09-08,38.6,38.8,37.85,38.2,661900
2011-09-09,37.51,37.65,36.3,36.3,732000
2011-09-12,36.06,37.8,35.21,37.3,922100
2011-09-13,37.26,37.56,36.52,36.73,1295200
2011-09-14,36.73,37.08,36.12,36.7,956100
2011-09-15,37.0,37.1,35.0,35.12,1463500
2011-09-16,35.09,35.77,35.01,35.1,940000
2011-09-19,35.05,35.05,33.34,34.35,1090400
2011-09-20,34.0,34.02,32.17,32.3,3185700
2011-09-21,32.53,32.84,31.85,32.1,2187800
2011-09-22,31.2,32.31,30.79,31.51,1923000
2011-09-23,31.69,32.62,31.14,32.6,2111100
2011-09-26,32.9,33.44,32.18,33.15,1821700
2011-09-27,33.6,33.89,32.92,33.16,1254500
2011-09-28,33.16,33.55,32.02,32.5,1496100
2011-09-29,32.5,33.12,31.85,32.27,1002300
2011-09-30,31.85,32.44,31.67,32.0,1181200
2011-10-03,31.8,31.95,30.31,30.91,980900
2011-10-04,30.24,31.42,30.12,31.08,1227000
2011-10-05,30.87,32.45,30.87,32.24,1143000
2011-10-06,32.79,32.79,31.83,32.3,1368900
2011-10-07,32.29,32.8,31.0,31.66,1106000
2011-10-10,31.71,32.62,31.69,32.46,713400
2011-10-11,32.06,33.09,31.89,32.6,667900
2011-10-13,33.04,33.22,32.05,32.65,1475500
2011-10-14,32.8,33.44,32.31,33.06,822000
2011-10-17,33.07,33.32,32.44,32.82,983400
2011-10-18,32.6,34.77,32.6,34.77,1173100
2011-10-19,34.55,34.95,33.63,34.9,929300
2011-10-20,34.89,35.3,34.2,34.79,1219900
2011-10-21,35.0,35.55,34.7,34.71,824200
2011-10-24,34.81,35.66,34.73,35.15,599400
2011-10-25,34.93,35.1,34.41,34.75,655400
2011-10-26,35.2,35.2,34.16,34.57,875100
2011-10-27,35.03,35.4,32.51,33.2,3638200
2011-10-28,33.19,33.87,32.99,33.5,1890500
2011-10-31,33.4,33.69,33.11,33.4,937000
2011-11-01,32.51,33.7,32.51,33.7,999600
2011-11-03,33.85,34.59,33.85,34.5,1265400
2011-11-04,34.21,34.79,34.11,34.69,871000
2011-11-07,34.72,34.98,34.47,34.5,502400
2011-11-08,34.6,34.82,34.0,34.32,700600
2011-11-09,34.0,34.42,33.52,34.19,897300
2011-11-10,33.99,35.34,33.97,35.1,1560200
2011-11-11,35.2,37.19,35.2,37.01,1514400
2011-11-14,36.98,37.01,35.82,36.5,1061300
2011-11-16,36.09,36.3,35.57,36.01,1328300
2011-11-17,35.98,36.2,34.35,34.8,1294400
2011-11-18,34.73,35.31,34.69,35.15,619600
2011-11-21,34.69,35.49,34.24,35.0,660400
2011-11-22,35.24,35.87,34.71,34.9,884700
2011-11-23,34.65,35.33,34.4,35.0,991300
2011-11-24,35.03,35.13,34.7,34.8,649000
2011-11-25,34.5,35.38,34.5,34.9,768500
2011-11-28,34.95,36.37,34.95,35.85,1018600
2011-11-29,36.05,36.24,35.34,35.56,1277800
2011-11-30,36.5,37.17,36.09,36.3,1751000
2011-12-01,36.96,37.49,36.69,36.8,1254100
2011-12-02,37.1,37.97,36.03,36.54,1030000
2011-12-05,36.68,37.39,36.68,36.9,1100000
2011-12-06,36.68,36.97,36.45,36.7,603200
2011-12-07,36.75,36.85,35.78,36.14,921600
2011-12-08,36.32,36.42,35.4,35.7,1394300
2011-12-09,35.7,36.19,35.42,35.9,921600
2011-12-12,35.9,36.1,35.01,35.5,811100
2011-12-13,35.23,36.22,35.23,35.8,913800
2011-12-14,35.96,35.96,35.41,35.61,1105900
2011-12-15,36.1,36.19,35.2,35.3,976300
2011-12-16,35.58,35.83,35.13,35.5,1052600
2011-12-19,35.35,35.52,34.9,35.3,1097700
2011-12-20,35.13,35.62,35.13,35.25,761900
2011-12-21,35.13,35.2,34.08,34.91,1473100
2011-12-22,34.81,35.92,34.8,35.65,964900
2011-12-23,35.64,36.65,35.64,36.65,448800
2011-12-26,36.81,36.81,36.07,36.13,140400
2011-12-27,36.13,36.45,35.71,35.84,588000
2011-12-28,35.99,36.62,35.47,36.21,596800
2011-12-29,36.57,36.81,36.2,36.26,734100
2012-01-02,36.05,36.9,35.75,36.9,413200
2012-01-03,36.95,37.95,36.89,37.95,906400
2012-01-04,37.8,37.8,37.38,37.69,1517800
2012-01-05,37.3,37.58,37.0,37.55,724200
2012-01-06,37.55,37.91,36.65,36.9,759900
2012-01-09,37.36,37.45,36.54,37.25,564600
2012-01-10,37.55,38.1,37.25,37.25,1070200
2012-01-11,37.35,37.8,37.35,37.46,399900
2012-01-12,38.0,38.0,37.1,37.6,670300
2012-01-13,37.36,37.85,36.94,37.84,484700
2012-01-16,37.83,38.21,37.45,37.45,283300
2012-01-17,37.45,37.79,37.13,37.6,673200
2012-01-18,37.6,39.0,37.4,39.0,961700
2012-01-19,39.1,39.15,37.94,39.0,1003800
2012-01-20,38.5,39.71,38.44,39.4,1044500
2012-01-23,39.18,39.19,38.4,38.4,2351400
2012-01-24,38.35,38.75,38.05,38.32,1527300
2012-01-26,38.79,39.5,38.2,38.9,1725400
2012-01-27,38.9,39.4,38.29,38.29,1515000
2012-01-30,38.28,38.5,37.48,38.07,712800
2012-01-31,38.41,39.1,37.35,37.42,1648000
2012-02-01,37.9,39.15,37.81,38.6,1462400
2012-02-02,38.6,39.2,38.6,39.0,709400
2012-02-03,38.97,40.35,38.58,39.74,1133900
2012-02-06,39.99,40.15,39.11,39.26,736500
2012-02-07,39.32,40.4,39.12,40.04,1147300
2012-02-08,40.43,40.8,39.69,40.8,764600
2012-02-09,40.7,41.18,40.31,40.94,1302000
2012-02-10,40.88,41.13,39.82,40.7,1017800
2012-02-13,40.75,42.14,40.75,41.44,1172500
2012-02-14,41.47,42.25,40.25,40.44,2070000
2012-02-15,41.2,41.78,40.53,41.0,1474200
2012-02-16,41.6,42.29,41.16,41.4,1917100
2012-02-17,42.0,42.0,40.78,41.45,962000
2012-02-22,41.17,41.93,41.17,41.53,635600
2012-02-23,41.53,41.53,40.7,41.14,702000
2012-02-24,41.4,42.2,41.22,41.37,851000
2012-02-27,40.25,40.86,39.56,39.7,844800
2012-02-28,39.69,40.23,39.36,39.47,1075200
2012-02-29,39.6,40.72,39.59,40.49,1471500
2012-03-01,40.87,42.0,40.35,41.75,1905700
2012-03-02,42.0,42.0,41.2,41.43,798000
2012-03-05,41.45,41.69,40.57,40.9,573900
2012-03-06,40.8,41.0,40.08,40.74,588300
2012-03-07,40.81,42.0,40.81,41.85,813800
2012-03-08,42.4,42.77,41.71,41.87,1018900
2012-03-09,42.0,42.0,41.0,41.35,730100
2012-03-12,41.18,41.33,40.7,40.94,807300
2012-03-13,41.0,42.09,40.98,42.09,696300
2012-03-14,42.04,42.12,41.74,42.0,708900
2012-03-15,41.41,41.81,40.77,41.61,504500
2012-03-16,41.31,41.61,40.22,40.22,893500
2012-03-19,40.5,40.88,40.1,40.34,822400
2012-03-20,39.95,40.0,39.14,39.45,1207300
2012-03-21,39.44,40.19,38.9,39.52,1703700
2012-03-22,39.5,40.49,39.13,40.27,1363200
2012-03-23,40.24,40.85,40.12,40.71,1014200
2012-03-26,40.45,41.94,40.4,41.73,775700
2012-03-27,41.75,42.78,41.55,41.8,1319600
2012-03-28,41.79,41.79,39.7,40.14,2361800
2012-03-29,40.14,40.67,39.81,40.59,1004600
2012-03-30,40.61,40.87,39.39,39.7,1353500
2012-04-02,39.9,40.14,39.43,40.14,1212000
2012-04-03,39.97,40.73,39.97,40.54,1089000
2012-04-04,40.54,40.69,40.05,40.24,790400
2012-04-05,40.34,40.53,39.81,40.24,754600
2012-04-09,39.73,40.13,39.65,40.0,515600
2012-04-10,39.89,41.59,39.66,41.5,2857900
2012-04-11,41.5,42.75,40.83,41.81,2212300
2012-04-12,41.81,44.17,41.81,43.55,2886700
2012-04-13,43.4,43.59,41.89,42.0,2598000
2012-04-16,42.01,43.33,42.01,43.0,1126200
2012-04-17,43.43,44.66,43.15,44.2,1580900
2012-04-18,44.19,44.49,43.5,43.7,1910300
2012-04-19,43.7,43.94,42.92,43.69,857500
2012-04-20,43.98,44.43,43.54,44.0,553100
2012-04-23,43.28,43.87,42.88,43.54,832400
2012-04-24,43.49,44.3,42.6,43.95,1243400
2012-04-25,44.79,45.49,44.32,45.25,1030900
2012-04-26,44.71,45.0,43.24,43.31,1755900
2012-04-27,43.75,44.3,43.45,43.73,1353700
2012-04-30,43.75,44.37,43.07,43.75,615700
2012-05-02,44.18,44.26,42.8,43.85,1293500
2012-05-03,43.86,44.65,43.8,44.58,694000
2012-05-04,44.35,44.57,42.57,42.57,1665200
2012-05-07,42.12,43.38,41.91,42.92,1771800
2012-05-08,42.6,43.38,42.2,42.8,1298200
2012-05-09,42.11,42.99,42.11,42.76,798800
2012-05-10,43.0,43.48,42.51,42.59,879000
2012-05-11,42.9,43.5,42.65,43.0,815900
2012-05-14,42.57,43.0,41.62,41.62,1035900
2012-05-15,41.49,42.0,40.4,40.5,1352500
2012-05-16,41.07,41.92,40.8,41.35,1590900
2012-05-17,41.35,42.0,40.25,40.3,809500
2012-05-18,40.56,41.45,40.55,41.22,1914400
2012-05-21,41.22,41.86,41.01,41.5,702300
2012-05-22,41.2,42.4,41.16,42.0,1500200
2012-05-23,42.36,42.7,39.88,41.0,1323000
2012-05-24,41.0,41.76,40.4,40.7,1313800
2012-05-25,41.0,42.19,40.96,41.8,1525100
2012-05-28,41.98,42.39,41.39,41.39,431700
2012-05-29,41.44,42.39,41.44,41.8,1114000
2012-05-30,41.56,42.56,41.2,42.41,1380100
2012-05-31,42.05,43.3,42.05,43.3,3095700
2012-06-01,42.86,43.39,42.5,43.25,1483900
2012-06-04,43.25,43.79,42.7,43.15,1213000
2012-06-05,42.99,43.66,42.87,42.87,1068000
2012-06-06,43.04,44.05,42.85,42.91,1339700
2012-06-08,42.34,43.8,42.27,43.5,1093400
2012-06-11,43.55,44.05,42.76,44.0,962300
2012-06-12,43.75,45.73,43.75,45.45,1388300
2012-06-13,45.24,46.11,44.39,44.39,1937600
2012-06-14,44.66,45.66,44.29,44.3,1416800
2012-06-15,44.49,44.94,44.19,44.9,799400
2012-06-18,44.69,46.0,44.39,45.19,907000
2012-06-19,45.51,46.86,45.3,46.35,1974000
2012-06-20,46.58,46.98,46.17,46.5,1270700
2012-06-21,46.79,46.79,46.25,46.5,710200
2012-06-22,46.78,47.36,46.37,47.15,1224600
2012-06-25,46.67,47.44,46.5,47.2,1092300
2012-06-26,47.2,47.25,46.76,46.9,917000
2012-06-27,46.37,47.2,46.37,47.08,748400
2012-06-28,47.01,47.83,47.01,47.8,1633600
2012-06-29,47.81,48.5,46.0,47.0,1863200
2012-07-02,46.55,47.0,45.64,46.0,1660200
2012-07-03,46.0,46.69,45.71,46.55,1274800
2012-07-04,46.58,46.89,46.04,46.5,491500
2012-07-05,46.7,47.39,45.93,46.26,1067800
2012-07-06,46.05,46.51,45.7,46.22,665600
2012-07-10,46.8,46.8,45.49,46.0,973400
2012-07-11,45.85,46.6,45.82,45.98,1185600
2012-07-12,46.2,46.42,45.62,46.1,1640500
2012-07-13,45.9,46.25,45.3,45.35,790500
2012-07-16,44.99,47.22,44.96,47.15,1118100
2012-07-17,47.2,47.55,46.54,47.5,800800
2012-07-18,47.26,47.69,46.92,47.5,738300
2012-07-19,47.79,48.5,47.67,48.49,1899700
2012-07-20,48.39,49.2,47.84,47.84,1354700
2012-07-23,46.92,48.9,46.92,48.55,1022100
2012-07-24,48.59,48.9,47.55,48.33,1147400
2012-07-25,48.33,49.47,48.21,49.2,1304800
2012-07-26,50.4,52.26,50.08,51.7,3122800
2012-07-27,51.5,53.2,50.29,51.3,2710800
2012-07-30,51.31,52.8,51.3,52.76,1665000
2012-07-31,52.8,53.98,52.02,53.76,3367500
2012-08-01,53.1,53.4,52.03,52.1,1274100
2012-08-02,51.57,52.49,50.71,52.3,1203100
2012-08-03,52.9,53.01,52.0,52.67,1298000
2012-08-06,52.65,54.3,52.52,53.39,1088800
2012-08-07,53.65,54.48,52.01,52.18,1269700
2012-08-08,52.2,53.0,51.42,52.7,1831500
2012-08-09,52.43,52.7,51.47,52.0,1225500
2012-08-10,51.7,52.79,51.46,52.45,1164100
2012-08-13,52.24,53.32,51.99,52.6,830400
2012-08-14,52.33,53.08,51.59,51.8,859300
2012-08-15,51.8,52.5,51.55,52.0,1392900
2012-08-16,52.4,52.78,51.76,52.1,844200
2012-08-17,52.31,52.49,51.4,51.63,883400
2012-08-20,51.88,52.0,51.31,51.32,723000
2012-08-21,51.59,51.7,49.63,50.23,1321900
2012-08-22,50.0,51.83,49.81,51.67,1871100
2012-08-23,51.39,52.2,50.85,51.36,829700
2012-08-24,51.36,52.78,51.18,52.47,938400
2012-08-27,52.21,53.06,52.09,52.9,907800
2012-08-28,52.94,53.73,52.6,53.2,1061200
2012-08-29,53.29,54.2,52.68,53.5,1426200
2012-08-30,53.22,53.83,49.65,51.1,3430400
2012-08-31,51.41,51.8,50.04,50.9,1988300
2012-09-03,51.23,51.23,49.76,49.76,806100
2012-09-04,49.69,50.26,48.8,49.37,1770200
2012-09-05,49.96,50.95,49.63,50.69,1011300
2012-09-06,50.9,52.8,50.55,52.4,1853700
2012-09-10,53.0,53.55,52.63,53.0,1928800
2012-09-11,52.61,53.45,52.16,53.2,930500
2012-09-12,53.61,55.33,53.28,54.9,1693200
2012-09-13,54.79,54.95,52.32,53.1,2107800
2012-09-14,53.38,53.67,52.03,52.6,1315700
2012-09-17,52.7,54.49,52.7,53.9,1017600
2012-09-18,53.65,54.77,53.05,53.85,970500
2012-09-19,54.08,55.04,53.66,54.46,805400
2012-09-20,54.18,55.55,54.18,54.99,901700
2012-09-21,55.2,55.5,54.85,55.2,823200
2012-09-24,55.19,55.74,55.01,55.52,1034100
2012-09-25,55.29,55.39,54.27,54.35,817800
2012-09-26,54.1,55.74,53.65,55.61,1066400
2012-09-27,55.54,55.75,55.01,55.43,876800
2012-09-28,55.58,55.68,54.7,55.25,1428600
2012-10-01,55.0,56.49,55.0,55.25,967400
2012-10-02,55.36,56.73,55.36,56.6,1079300
2012-10-03,56.5,56.63,55.06,55.41,808900
2012-10-04,55.65,55.86,54.91,55.49,619000
2012-10-05,55.77,56.2,55.2,55.68,761900
2012-10-08,55.73,56.84,55.33,56.65,895400
2012-10-09,56.65,56.99,55.62,56.6,1038800
2012-10-10,56.6,56.79,55.16,55.74,949300
2012-10-11,56.29,56.29,55.05,55.37,681600
2012-10-15,55.64,55.65,54.1,55.0,1337600
2012-10-16,55.17,55.21,53.88,54.21,892300
2012-10-17,54.49,55.25,54.22,54.6,1258700
2012-10-18,54.6,55.1,54.1,54.5,1082500
2012-10-19,54.59,55.25,54.26,55.25,769300
2012-10-22,55.25,55.75,54.66,55.24,638300
2012-10-23,54.99,55.25,54.74,54.96,598200
2012-10-24,55.11,55.46,54.7,54.82,745800
2012-10-25,55.23,55.52,53.38,54.2,1270900
2012-10-26,54.19,54.19,52.68,54.05,843800
2012-10-29,54.08,54.3,53.43,54.2,694100
2012-10-30,54.24,54.52,53.49,53.94,436100
2012-10-31,53.98,54.18,53.0,54.15,1198300
2012-11-01,54.35,55.49,54.04,55.0,1067100
2012-11-05,54.72,55.69,54.5,55.5,949800
2012-11-06,55.58,55.65,54.91,55.25,1107300
2012-11-07,55.24,55.52,54.5,54.66,638400
2012-11-08,54.93,55.39,54.51,55.38,1517200
2012-11-09,55.09,55.29,54.61,55.29,1310300
2012-11-12,55.32,55.65,54.38,54.99,709800
2012-11-13,54.56,55.39,54.38,54.99,812800
2012-11-14,55.06,55.98,54.63,55.62,2197400
2012-11-16,55.16,56.68,55.16,56.45,1085400
2012-11-19,56.0,56.5,55.92,56.09,1101600
2012-11-21,56.0,56.63,55.81,56.29,1114300
2012-11-22,56.5,56.65,55.85,56.02,376300
2012-11-23,56.01,56.13,55.09,55.4,764000
2012-11-26,55.39,55.85,54.85,55.6,623700
2012-11-27,55.6,56.12,55.33,55.4,686400
2012-11-28,55.15,56.3,54.59,56.3,1023800
2012-11-29,56.48,56.8,55.28,56.15,696500
2012-11-30,56.78,56.78,55.12,56.56,1550100
2012-12-03,56.09,57.24,56.02,56.81,770300
2012-12-04,56.98,56.99,56.03,56.89,667700
2012-12-05,56.89,56.89,56.07,56.19,517200
2012-12-06,56.45,57.2,55.76,57.2,638300
2012-12-07,57.1,57.76,56.8,57.3,614200
2012-12-10,57.4,57.82,56.59,57.82,973800
2012-12-11,57.82,58.74,57.4,58.25,1536500
2012-12-12,57.99,58.28,57.42,58.11,947900
2012-12-13,57.83,58.39,57.53,58.1,865000
2012-12-14,58.0,58.81,57.25,57.25,1156600
2012-12-17,57.4,58.18,57.31,57.81,905000
2012-12-18,57.94,58.2,57.3,57.3,740800
2012-12-19,57.59,57.64,57.05,57.15,1128100
2012-12-20,57.4,57.4,56.5,57.0,1051100
2012-12-21,56.62,57.09,56.24,56.24,566800
2012-12-26,56.86,57.0,56.32,56.75,443300
2012-12-27,56.53,58.49,56.53,57.98,775000
2012-12-28,57.93,59.0,57.93,58.64,1016600
2013-01-02,59.05,59.45,58.67,59.25,1073600
2013-01-03,59.09,59.54,58.75,59.4,926700
2013-01-04,59.56,59.88,59.21,59.8,1012700
2013-01-07,59.41,59.79,57.89,57.89,941400
2013-01-08,57.35,57.87,55.17,55.2,2531200
2013-01-09,55.15,56.32,54.77,55.0,3425500
2013-01-10,55.29,57.2,54.94,57.15,1492000
2013-01-11,57.15,57.17,56.09,56.8,1186100
2013-01-14,56.43,56.79,55.9,56.15,1212300
2013-01-15,56.65,56.65,55.01,55.15,916600
2013-01-16,55.11,56.71,55.05,56.4,847000
2013-01-17,56.22,57.0,55.99,55.99,679800
2013-01-18,56.47,56.47,55.45,55.6,693800
2013-01-21,55.46,57.06,55.38,56.5,692500
2013-01-22,56.41,56.7,55.7,55.99,849800
2013-01-23,56.2,56.2,55.26,55.47,972900
2013-01-24,55.8,55.8,54.63,55.15,1352900
2013-01-28,54.97,54.98,52.64,52.7,2634800
2013-01-29,52.75,53.72,52.01,53.0,1701800
2013-01-30,52.91,53.49,52.57,53.2,885200
2013-01-31,53.0,53.82,52.88,53.7,1339800
2013-02-01,54.2,54.48,53.4,53.94,735700
2013-02-04,53.93,54.0,53.2,53.2,736600
2013-02-05,53.48,53.48,51.71,52.18,1086900
2013-02-06,52.02,52.27,51.26,51.89,1274600
2013-02-07,50.99,53.79,50.9,53.3,6028400
2013-02-08,53.05,54.1,53.05,53.52,3911200
2013-02-13,53.9,54.64,53.61,53.61,732500
2013-02-14,53.89,53.89,52.82,53.73,854700
2013-02-15,53.74,54.38,52.32,53.4,978600
2013-02-18,52.51,52.57,50.63,52.55,1084100
2013-02-19,52.5,52.79,52.01,52.42,1046000
2013-02-20,52.17,52.67,51.67,52.6,1379000
2013-02-21,52.33,52.64,51.81,52.23,1101700
2013-02-22,52.27,52.43,51.63,52.33,1386400
2013-02-25,52.27,53.05,51.95,52.3,1206300
2013-02-26,51.9,53.46,51.9,52.54,831800
2013-02-27,52.78,53.65,52.07,52.2,3736200
2013-02-28,52.54,52.54,50.12,51.1,1754400
2013-03-01,50.77,52.39,50.38,52.19,1984600
2013-03-04,52.07,52.78,51.8,52.45,987600
2013-03-05,52.77,53.4,51.32,51.32,1140000
2013-03-06,51.84,53.18,51.79,52.3,1079600
2013-03-07,52.33,52.84,50.65,50.65,1380500
2013-03-08,50.94,51.13,50.55,50.55,1014100
2013-03-11,50.75,50.95,50.41,50.8,965700
2013-03-12,50.91,52.07,50.84,51.74,3233900
2013-03-13,51.56,51.96,50.62,50.62,1184700
2013-03-14,51.0,51.11,49.63,49.78,1240200
2013-03-15,49.5,49.8,48.18,48.5,1959500
2013-03-18,48.8,48.9,47.6,48.21,1858700
2013-03-19,48.23,49.39,48.02,49.39,1956000
2013-03-20,49.7,50.47,49.67,50.2,1568000
2013-03-21,49.82,50.16,48.68,49.1,1215700
2013-03-22,49.1,49.54,48.62,49.39,1017700
2013-03-25,48.91,49.1,47.3,47.3,2600300
2013-03-26,47.77,48.18,47.26,47.93,1866200
2013-03-27,47.61,48.15,47.27,47.8,778600
2013-03-28,47.59,49.38,47.59,49.38,1435300
2013-04-01,49.13,49.13,47.9,48.3,1008600
2013-04-02,48.31,48.56,47.25,47.48,1548900
2013-04-03,47.48,48.76,46.92,48.5,1089700
2013-04-04,48.3,48.63,47.37,47.49,1149800
2013-04-05,47.78,48.8,46.6,48.5,1095700
2013-04-08,48.63,49.61,48.43,49.2,913200
2013-04-09,49.7,49.7,48.55,48.75,1859300
2013-04-10,48.75,49.8,48.49,49.28,998000
2013-04-11,49.26,49.31,48.36,48.66,1277300
2013-04-12,48.5,49.21,48.5,48.55,1400100
2013-04-15,48.06,48.65,47.18,47.18,964100
2013-04-16,47.37,48.63,47.37,48.1,865200
2013-04-17,47.2,48.87,47.2,48.55,1246900
2013-04-18,48.8,50.01,47.81,49.75,1363800
2013-04-19,49.81,50.28,49.3,49.88,1151400
2013-04-22,49.57,49.67,48.8,48.9,984000
2013-04-23,49.0,49.85,48.7,49.22,947800
2013-04-24,49.3,49.94,49.0,49.0,665000
2013-04-25,47.0,48.24,46.88,47.5,1884500
2013-04-26,47.83,48.45,47.55,48.14,1407600
2013-04-29,48.0,49.65,48.0,49.09,965200
2013-04-30,49.09,50.67,48.23,50.67,1698900
2013-05-02,49.7,50.78,49.7,50.25,1112500
2013-05-03,50.73,50.8,49.5,50.0,1383000
2013-05-06,50.12,50.44,49.07,49.15,1246700
2013-05-07,49.05,50.4,48.85,50.4,1512900
2013-05-08,50.41,50.7,49.66,50.25,844800
2013-05-09,50.2,50.48,49.4,49.4,657500
2013-05-10,49.39,50.41,49.39,50.26,865700
2013-05-13,50.27,51.49,50.2,50.85,1587500
2013-05-14,51.05,51.48,50.0,50.05,1554100
2013-05-15,50.07,51.59,49.88,51.5,1022700
2013-05-16,51.51,53.19,51.4,53.02,1969600
2013-05-17,53.02,54.04,52.55,52.55,2143800
2013-05-20,52.62,53.68,52.04,53.05,1999900
2013-05-21,53.28,53.4,52.81,53.09,824800
2013-05-22,53.17,54.12,53.12,54.0,1310900
2013-05-23,53.53,54.0,53.01,53.1,1072500
2013-05-24,52.9,53.89,52.77,53.16,814000
2013-05-27,53.16,53.95,53.16,53.88,277200
2013-05-28,53.95,54.25,52.3,52.85,1400800
2013-05-29,52.6,52.75,51.19,51.6,1127100
2013-05-31,52.71,52.8,50.2,50.72,1314700
2013-06-03,51.0,51.26,49.75,49.99,979000
2013-06-04,50.38,50.6,49.55,49.81,1199700
2013-06-05,49.79,50.19,49.51,50.0,1490600
2013-06-06,50.18,51.38,49.81,49.98,1398400
2013-06-07,49.5,51.14,49.5,49.93,1585400
2013-06-10,49.97,50.69,49.56,50.47,884500
2013-06-11,50.34,50.34,49.12,50.0,1530000
2013-06-12,49.91,50.91,49.65,49.76,1650200
2013-06-13,50.05,51.02,49.52,50.1,853800
2013-06-14,50.47,50.47,49.44,49.9,1131200
2013-06-17,49.91,50.17,49.37,49.37,731700
2013-06-18,49.15,49.85,48.24,49.01,2243500
2013-06-19,49.0,49.91,47.67,48.26,1394300
2013-06-20,47.77,48.1,45.85,47.0,2192700
2013-06-21,47.1,48.24,46.55,47.75,1916100
2013-06-24,47.27,47.61,46.23,46.23,1388000
2013-06-25,46.13,48.73,46.06,48.19,1781100
2013-06-26,48.3,48.59,47.36,47.36,941600
2013-06-27,47.69,48.69,47.28,47.45,1442000
2013-06-28,47.37,48.93,47.37,47.7,1642900
2013-07-01,47.81,48.34,47.35,47.85,1170200
2013-07-02,47.99,48.49,46.8,46.8,1601100
2013-07-03,46.55,47.7,46.43,46.8,1465800
2013-07-04,47.27,47.64,46.22,46.25,920400
2013-07-05,46.01,47.24,45.89,46.89,1519300
2013-07-08,46.64,47.34,46.39,46.98,865500
2013-07-10,47.29,48.29,47.03,48.04,1008000
2013-07-11,48.3,48.33,46.07,47.0,1596800
2013-07-12,46.67,47.16,46.02,46.5,1331200
2013-07-15,46.11,47.48,46.11,46.79,1099800
2013-07-16,46.9,47.4,46.37,46.42,1037500
2013-07-17,46.68,47.1,45.05,45.35,1199800
2013-07-18,45.3,46.56,43.8,44.5,1515000
2013-07-19,44.0,44.76,43.39,43.97,1295100
2013-07-22,44.4,45.3,44.08,45.3,1054900
2013-07-23,45.61,45.77,44.57,45.33,1591100
2013-07-24,45.3,45.31,43.98,44.3,1366300
2013-07-25,43.9,46.12,43.19,45.9,2427000
2013-07-26,45.67,46.49,45.26,46.2,1194500
2013-07-29,46.16,46.19,45.33,45.91,1653200
2013-07-30,46.14,46.18,45.5,45.7,1031900
2013-07-31,45.7,46.04,44.92,45.95,1630500
2013-08-01,45.39,45.86,43.59,43.76,2021300
2013-08-02,43.7,44.07,42.34,42.89,1049800
2013-08-05,43.0,43.4,42.37,42.37,1062100
2013-08-06,42.53,42.85,41.41,41.54,1660900
2013-08-07,41.41,41.93,40.81,41.7,848000
2013-08-08,41.71,42.97,41.71,42.06,1132500
2013-08-09,42.64,42.86,41.15,42.5,1160600
2013-08-12,42.5,43.89,42.45,43.52,2112700
2013-08-13,43.5,45.17,43.5,44.92,1451200
2013-08-14,45.0,45.65,44.62,44.94,2147100
2013-08-15,44.49,45.14,43.84,44.75,1245100
2013-08-16,44.97,45.72,44.21,45.5,923900
2013-08-19,45.2,45.38,42.53,43.1,977700
2013-08-20,43.29,43.59,41.81,42.19,1052100
2013-08-21,42.0,43.49,41.61,42.98,902700
2013-08-22,43.12,44.4,43.12,44.4,918100
2013-08-23,44.02,44.93,43.96,44.35,1021400
2013-08-26,44.7,44.7,43.5,43.65,879300
2013-08-27,43.4,43.65,42.89,43.1,987900
2013-08-28,42.91,43.86,42.8,43.34,825200
2013-08-29,43.36,45.1,43.26,44.32,1043100
2013-08-30,44.2,45.0,43.66,44.77,1538800
2013-09-02,45.7,46.94,44.7,46.2,1193700
2013-09-03,46.2,46.87,45.61,46.05,959900
2013-09-04,45.83,47.53,45.14,47.49,1239500
2013-09-05,47.45,48.33,47.13,47.15,995900
2013-09-06,47.63,47.88,46.45,47.15,1301600
2013-09-09,47.48,49.86,47.38,49.65,1403300
2013-09-10,49.5,49.94,48.04,48.2,1679100
2013-09-11,48.6,48.6,46.9,47.23,995900
2013-09-12,47.45,48.75,46.72,47.33,990600
2013-09-13,47.33,48.69,47.33,48.5,755800
2013-09-16,48.39,49.08,48.0,48.0,1248700
2013-09-17,48.16,49.3,48.13,48.8,2114800
2013-09-18,48.41,51.18,48.1,50.41,1650000
2013-09-19,50.24,51.31,49.72,50.0,1079300
2013-09-20,50.45,50.84,50.12,50.65,777900
2013-09-23,50.74,50.87,49.59,49.59,2015100
2013-09-24,49.66,50.13,49.12,49.49,975800
2013-09-25,49.79,49.9,48.82,49.5,1262900
2013-09-26,49.6,50.14,49.4,49.75,788400
2013-09-27,49.74,50.33,49.37,50.16,817500
2013-09-30,49.97,50.23,49.14,49.5,1270200
2013-10-01,49.9,50.5,49.47,50.5,1200200
2013-10-02,50.35,50.59,49.41,49.46,616500
2013-10-03,49.79,49.94,47.73,48.17,1096300
2013-10-04,48.47,48.47,47.02,47.51,986200
2013-10-07,47.7,48.55,47.39,48.0,754600
2013-10-08,47.89,48.76,47.79,48.0,524800
2013-10-09,48.11,48.5,47.84,48.0,929100
2013-10-10,48.46,49.25,48.21,48.81,816000
2013-10-11,48.57,49.74,48.57,48.86,641300
2013-10-14,48.83,49.48,48.29,49.0,706800
2013-10-15,49.05,49.95,48.3,48.57,1090500
2013-10-16,49.05,49.2,47.52,48.68,1152900
2013-10-17,48.05,49.6,47.92,48.66,1505400
2013-10-18,48.49,49.24,48.49,48.85,632700
2013-10-21,48.87,49.19,48.77,48.9,464900
2013-10-22,49.14,49.16,48.0,48.0,745700
2013-10-23,48.24,48.44,47.07,47.2,801100
2013-10-24,46.01,46.44,45.4,45.4,1367600
2013-10-25,45.63,45.75,43.65,45.14,1267700
